<?xml version="1.0" encoding="UTF-8"?>
<project-private xmlns="http://www.netbeans.org/ns/project-private/1">
    <editor-bookmarks xmlns="http://www.netbeans.org/ns/editor-bookmarks/2" lastBookmarkId="0"/>
    <open-files xmlns="http://www.netbeans.org/ns/projectui-open-files/2">
        <group>
            <file>file:/C:/Users/BURTO/OneDrive/Jefferson%20Community%20College/Spring%202021/Data%20Structures/Labs/Lab01/Lab01/src/lab01/Lab01.java</file>
            <file>file:/C:/Users/BURTO/OneDrive/Jefferson%20Community%20College/Spring%202021/Data%20Structures/Labs/Lab01/Lab01/src/lab01/IceCreamContainer.java</file>
            <file>file:/C:/Users/BURTO/OneDrive/Jefferson%20Community%20College/Spring%202021/Data%20Structures/Labs/Lab01/Lab01/priceFile.txt</file>
        </group>
    </open-files>
</project-private>
