<?xml version="1.0" encoding="UTF-8"?>
<project-private xmlns="http://www.netbeans.org/ns/project-private/1">
    <editor-bookmarks xmlns="http://www.netbeans.org/ns/editor-bookmarks/2" lastBookmarkId="0"/>
    <open-files xmlns="http://www.netbeans.org/ns/projectui-open-files/2">
        <group>
            <file>file:/C:/Users/BURTO/OneDrive/Jefferson%20Community%20College/Spring%202021/Data%20Structures/Labs/Lab03/Lab03/inputFile.txt</file>
            <file>file:/C:/Users/BURTO/OneDrive/Jefferson%20Community%20College/Spring%202021/Data%20Structures/Labs/Lab03/Lab03/src/lab/pkg03/Lab03.java</file>
            <file>file:/C:/Users/BURTO/OneDrive/Jefferson%20Community%20College/Spring%202021/Data%20Structures/Labs/Lab03/Lab03/outputFile.txt</file>
            <file>file:/C:/Users/BURTO/OneDrive/Jefferson%20Community%20College/Spring%202021/Data%20Structures/Labs/Lab03/Lab03/src/lab/pkg03/ListADT.java</file>
            <file>file:/C:/Users/BURTO/OneDrive/Jefferson%20Community%20College/Spring%202021/Data%20Structures/Labs/Lab03/Lab03/src/lab/pkg03/ListElement.java</file>
        </group>
    </open-files>
</project-private>
