<?xml version="1.0" encoding="UTF-8"?>
<project-private xmlns="http://www.netbeans.org/ns/project-private/1">
    <editor-bookmarks xmlns="http://www.netbeans.org/ns/editor-bookmarks/2" lastBookmarkId="0"/>
    <open-files xmlns="http://www.netbeans.org/ns/projectui-open-files/2">
        <group>
            <file>file:/C:/Users/BURTO/OneDrive/Jefferson%20Community%20College/Spring%202021/Data%20Structures/Labs/Lab05/Lab05/src/lab05/Lab05.java</file>
            <file>file:/C:/Users/BURTO/OneDrive/Jefferson%20Community%20College/Spring%202021/Data%20Structures/Labs/Lab05/Lab05/src/lab05/QueueADT.java</file>
            <file>file:/C:/Users/BURTO/OneDrive/Jefferson%20Community%20College/Spring%202021/Data%20Structures/Labs/Lab05/Lab05/src/lab05/ElementType.java</file>
        </group>
    </open-files>
</project-private>
